Company,Valuation ($B),Date Added,Country,Category,Select Investors List
Bytedance,140,07-Apr-17,China,Artificial intelligence,Sequoia Capital China
Stripe,95,23-Jan-14,United States,Fintech,Khosla Ventures
SpaceX,74,01-Dec-12,United States,Other,Founders Fund
Didi Chuxing,62,31-Mar-15,China,Auto & transportation,Matrix Partners
Klarna,45.6,12-Dec-11,Sweden,Fintech,Institutional Venture Partners
Instacart,39,30-Dec-14,United States,"Supply chain, logistics, & delivery",Khosla Ventures
Nubank,30,01-Mar-18,Brazil,Fintech,Sequoia Capital
Epic Games,28.7,26-Oct-18,United States,Other,Tencent Holdings
Databricks,28,05-Feb-19,United States,Data management & analytics,Andreessen Horowitz
Rivian,27.6,10-Sep-19,United States,Auto & transportation,Amazon
BYJU's,16.5,25-Jul-17,India,Edtech,Tencent Holdings
One97 Communications,16,12-May-15,India,Fintech,Intel Capital
Yuanfudao,15.5,31-May-17,China,Edtech,Tencent Holdings
Canva,15,08-Jan-18,Australia,Internet software & services,Sequoia Capital China
Checkout.com,15,02-May-19,United Kingdom,Fintech,Tiger Global Management
DJI Innovations,15,23-Jan-15,China,Hardware,Accel Partners
SHEIN,15,03-Jul-18,China,E-commerce & direct-to-consumer,Tiger Global Management
Chime,14.5,05-Mar-19,United States,Fintech,Forerunner Ventures
Grab,14.3,04-Dec-14,Singapore,Auto & transportation,GGV Capital
Plaid Technologies,13.5,11-Dec-18,United States,Fintech,New Enterprise Associates
Fanatics,12.8,06-Jun-12,United States,E-commerce & direct-to-consumer,SoftBank Group
Biosplice Therapeutics,12,06-Aug-18,United States,Health,Vickers Venture Partners
Bitmain Technologies,12,06-Jul-18,China,Hardware,Coatue Management
JUUL Labs,12,20-Dec-17,United States,Consumer & retail,Tiger Global Management
SenseTime,12,11-Jul-17,China,Artificial intelligence,Star VC
Robinhood,11.7,26-Apr-17,United States,Fintech,Google Ventures
ZongMu Technology,11.4,03-Jun-21,China,Auto & transportation,LTW Capital
Global Switch,11.1,22-Dec-16,United Kingdom,Hardware,Aviation Industry Corporation of China
Celonis,11,26-Jun-18,Germany,Data management & analytics,Accel
Aurora,10,07-Feb-19,United States,Auto & transportation,Index Ventures
Lalamove,10,21-Feb-19,Hong Kong,"Supply chain, logistics, & delivery",MindWorks Ventures
Ripple,10,20-Dec-19,United States,Fintech,IDG Capital
OutSystems,9.5,05-Jun-18,United States,Internet software & services,KKR
Klaviyo,9.2,17-Nov-20,United States,Internet software & services,Summit Partners
Roivant Sciences,9.09,09-Aug-17,United States,Health,SoftBankGroup
Northvolt,9.08,12-Jun-19,Sweden,Other,Vattenfall
Chehaoduo,9,12-Mar-16,China,E-commerce & direct-to-consumer,Sequoia Capital China
OYO Rooms,9,25-Sep-18,India,Travel,SoftBank Group
Tanium,9,31-Mar-15,United States,Cybersecurity,Andreessen Horowitz
goPuff,8.9,08-Oct-20,United States,E-commerce & direct-to-consumer,Accel
ServiceTitan,8.3,14-Nov-18,United States,Internet software & services,Bessemer Venture Partners
Tempus,8.1,21-Mar-18,United States,Health,New Enterprise Associates
Xingsheng Selected,8,22-Jul-20,China,E-commerce & direct-to-consumer,KKR
Caris Life Sciences,7.83,12-May-21,United States,Health,Sixth Street Partners
J&T Express,7.8,07-Apr-21,Indonesia,"Supply chain, logistics, & delivery",Hillhouse Capital Management
Getir,7.5,26-Mar-21,Turkey,E-commerce & direct-to-consumer,Tiger Global Management
Brex,7.4,05-Oct-18,United States,Fintech,DST Global
Toss,7.4,09-Dec-18,South Korea,Fintech,Bessemer Venture Partners
Scale AI,7.3,05-Aug-19,United States,Artificial intelligence,Accel
Argo AI,7.25,12-Jul-19,United States,Artificial intelligence,Volkswagen Group
Gong,7.25,12-Aug-20,United States,Artificial intelligence,Norwest Venture Partners
Discord,7,20-Apr-18,United States,Internet software & services,Benchmark
Faire,7,30-Oct-19,United States,Artificial intelligence,Khosla Ventures
We Doctor,7,22-Sep-15,China,Health,Tencent
Automation Anywhere,6.8,02-Jul-18,United States,Artificial intelligence,General Atlantic
Ziroom,6.6,17-Jan-18,China,E-commerce & direct-to-consumer,Sequoia Capital China
Mollie,6.5,08-Sep-20,Netherlands,Fintech,Technology Crossover Ventures
National Stock Exchange of India,6.5,01-Jul-20,India,Fintech,TA Associates
Compass,6.4,31-Aug-16,United States,E-commerce & direct-to-consumer,Founders Fund
Ola Cabs,6.3,27-Oct-14,India,Auto & transportation,Accel Partners
Samsara Networks,6.3,22-Mar-18,United States,Hardware,Andreessen Horowitz
Black Unicorn Factory,6.1,20-May-21,United States,Other,Barter Ventures
Better.com,6,10-Nov-20,United States,Fintech,Pine Brook
GitLab,6,19-Sep-18,United States,Internet software & services,Google Ventures
reddit,6,31-Jul-17,United States,Internet software & services,Y Combinator
Royole Corporation,6,18-Aug-15,China,Hardware,Warmsun Holding
Thrasio,6,15-Jul-20,United States,Other,Upper90
Yuanqi Senlin,6,01-Mar-20,China,Consumer & retail,Sequoia Capital China
Easyhome,5.78,12-Feb-18,China,Consumer & retail,Alibaba Group
Airtable,5.77,15-Nov-18,United States,Internet software & services,Caffeinated Capital
Lianjia,5.77,07-Apr-16,China,E-commerce & direct-to-consumer,Tencent
Vice Media,5.7,02-Apr-11,United States,Internet software & services,Technology Crossover Ventures
Hopin,5.65,10-Nov-20,United Kingdom,Internet software & services,Accel
Revolut,5.5,26-Apr-18,United Kingdom,Fintech,index Ventures
Zomato,5.4,10-Apr-15,India,Internet software & services,Sequoia Capital
Pony.ai,5.3,11-Jul-18,United States,Artificial intelligence,Sequoia Capital China
Trade Republic,5.3,20-May-21,Germany,Fintech,Founders Fund. Accel
Blockchain.com,5.2,17-Feb-21,United Kingdom,Fintech,Lightspeed Venture Partners
HashiCorp,5.1,01-Nov-18,United States,Internet software & services,Redpoint Ventures
OneTrust,5.1,11-Jul-19,United States,Internet software & services,Insight Partners
Dream11,5,09-Apr-19,India,Internet software & services,Kaalari Capital
Hello TransTech,5,01-Jun-18,China,Auto & transportation,Ant Financial Services Group
Horizon Robotics,5,27-Feb-19,China,Artificial intelligence,Hillhouse Capital Management
Howden Group Holdings,5,29-Sep-20,United Kingdom,Other,General Atlantic
Krafton Game Union,5,09-Aug-18,South Korea,Other,Tencent Holdings
Nuro,5,11-Feb-19,United States,Auto & transportation,SoftBank Group
Ro,5,27-Jul-20,United States,Health,Initialized Capital
SambaNova Systems,5,13-Apr-21,United States,Data management & analytics,Walden International
Swiggy,5,21-Jun-18,India,"Supply chain, logistics, & delivery",Accel India
TripActions,5,08-Nov-18,United States,Travel,Andreessen Horowitz
United Imaging Healthcare,5,15-Sep-17,China,Health,China Life Insurance
WM Motor,5,08-Mar-19,China,Auto & transportation,Baidu Capital
Toast,4.9,10-Jul-18,United States,Fintech,Bessemer Venture Partners
Magic Leap,4.82,21-Oct-14,United States,Hardware,Obvious Ventures
Snyk,4.7,21-Jan-20,United States,Cybersecurity,BOLDstart Ventures
Anduril,4.6,11-Sep-19,United States,Artificial intelligence,Andreessen Horowitz
Lyra Health,4.6,25-Aug-20,United States,Health,Greylock Partners
Meizu Technology,4.58,23-Jul-14,China,Hardware,Telling Telecommunication Holding Co.
Vinted,4.53,27-Nov-19,Lithuania,E-commerce & direct-to-consumer,Accel
Confluent,4.5,23-Jan-19,United States,Data management & analytics,Benchmark
VIPKid,4.5,04-Aug-16,China,Edtech,Sequoia Capital China
Zenefits,4.5,06-May-15,United States,Fintech,SV Angel
UBTECH Robotics,4.45,25-Jul-16,China,Hardware,CDH Investments
Outreach,4.4,16-Apr-19,United States,Internet software & services,Mayfield Fund
Bolt,4.3,29-May-18,Estonia,Auto & transportation,Didi Chuxing
Ginkgo BioWorks,4.2,14-Dec-17,United States,Health,Y Combinator
Relativity Space,4.2,23-Nov-20,United States,Other,Playground Global
Amplitude,4.15,21-May-20,United States,Data management & analytics,Benchmark
SSENSE,4.15,08-Jun-21,Canada,E-commerce & direct-to-consumer,Sequoia Capital
Dataminr,4.1,04-Jun-18,United States,Artificial intelligence,Venrock
Benchling,4,14-Apr-21,United States,Internet software & services,Thrive Capital
BrowserStack,4,16-Jun-21,India,Internet software & services,Accel
Clubhouse,4,24-Jan-21,United States,Mobile & telecommunications,Andreessen Horowitz
Greensill,4,16-Jul-18,United Kingdom,Fintech,SoftBank Group
Houzz,4,30-Sep-14,United States,E-commerce & direct-to-consumer,New Enterprise Associates
Impossible Foods,4,13-May-19,United States,Consumer & retail,Khosla Ventures
Kavak,4,01-Oct-20,Mexico,E-commerce & direct-to-consumer,DST Global
MEGVII,4,31-Oct-17,China,Artificial intelligence,Ant Financial Services Group
Next Insurance,4,07-Oct-19,United States,Fintech,Zeev Ventures
Niantic,4,24-Nov-17,United States,Mobile & telecommunications,Nintendo
Patreon,4,02-Sep-20,United States,Internet software & services,Index Ventures
PointClickCare,4,07-Jan-21,Canada,Internet software & services,Dragoneer Investment Group
QuintoAndar,4,09-Sep-19,Brazil,E-commerce & direct-to-consumer,Kaszek Ventures
Radiology Partners,4,19-Jul-19,United States,Health,New Enterprise Associates
Yello Mobile,4,11-Nov-14,South Korea,Mobile & telecommunications,Formation 8
Zapier,4,14-Jan-21,United States,Internet software & services,Sequoia Capital
Gusto,3.8,18-Dec-15,United States,Fintech,General Catalyst Partners
Intarcia Therapeutics,3.8,01-Apr-14,United States,Health,New Enterprise Associates
MessageBird,3.8,08-Oct-20,Netherlands,Mobile & telecommunications,Y Combinator
StockX,3.8,26-Jun-19,United States,E-commerce & direct-to-consumer,Google Ventures
Devoted Health,3.78,16-Oct-18,United States,Health,Andreessen Horowitz
Guild Education,3.75,13-Nov-19,United States,Internet software & services,Redpoint Ventures
Cohesity,3.7,11-Jun-18,United States,Data management & analytics,SoftBank Group
Noom,3.7,24-May-20,United States,Health,Qualcomm Ventures
VAST Data,3.7,16-Apr-20,United States,Data management & analytics,Norwest Venture Partners
Relativity,3.6,18-Mar-21,United States,Internet software & services,Silver Lake
Otto Bock HealthCare,3.52,24-Jun-17,Germany,Health,EQT Partners
Bukalapak,3.5,16-Nov-17,Indonesia,E-commerce & direct-to-consumer,500 Startups
Freshworks,3.5,31-Jul-18,United States,Internet software & services,Accel
HyalRoute,3.5,26-May-20,Singapore,Mobile & telecommunications,Kuang-Chi
Indigo Ag,3.5,26-Sep-17,United States,Artificial intelligence,Activant Capital Group
N26,3.5,10-Jan-19,Germany,Fintech,Redalpine Venture Partners
Rappi,3.5,31-Aug-18,Colombia,"Supply chain, logistics, & delivery",DST Global
Oxford Nanopore Technologies,3.47,06-May-12,United Kingdom,Health,Illumina
Youxia Motors,3.35,02-Apr-18,China,Auto & transportation,China Environmental Protection Industry
Cloudwalk,3.32,08-Oct-18,China,Artificial intelligence,Oriza Holdings
Blend,3.3,24-Jun-19,United States,Fintech,Lightspeed Venture Partners
Komodo Health,3.3,22-Mar-21,United States,Health,Andreessen Horowitz
Rubrik,3.3,28-Apr-17,United States,Data management & analytics,Greylock Partners
Scopely,3.3,29-Oct-19,United States,Mobile & telecommunications,Greycroft
Sila Nanotechnologies,3.3,16-Apr-19,United States,Other,Bessemer Venture Partners
WeRide,3.3,23-Dec-20,China,Auto & transportation,Atop Capital
Dadi Cinema,3.24,11-May-16,China,Other,Alibaba Pictures Group
Back Market,3.2,18-May-21,France,E-commerce & direct-to-consumer,Aglae Ventures
Cedar,3.2,09-Mar-21,United States,Fintech,Thrive Capital
Figure Technologies,3.2,05-Nov-19,United States,Fintech,DCM Ventures
Flexport,3.2,30-Apr-18,United States,"Supply chain, logistics, & delivery",Bloomberg Beta
Thumbtack,3.2,29-Sep-15,United States,E-commerce & direct-to-consumer,Tiger Global
Udemy,3.2,19-Feb-20,United States,Edtech,MHS Capital
Huitongda,3.18,22-Dec-17,China,E-commerce & direct-to-consumer,Shunwei Capital Partners
HighRadius,3.1,07-Jan-20,United States,Fintech,Susquehanna Growth Equity
SentinelOne,3.1,19-Feb-20,United States,Cybersecurity,Granite Hill Capital Partners
Udaan,3.1,04-Sep-18,India,"Supply chain, logistics, & delivery",DST Global
ActiveCampaign,3,21-Apr-21,United States,Internet software & services,Silversmith Capital Partners
ApplyBoard,3,05-May-20,Canada,Edtech,Artiman Ventures
BGL Group,3,24-Nov-17,United Kingdom,Fintech,CPP Investment Board
BlockFi,3,11-Mar-21,United States,Fintech,ConsenSys Ventures
Calendly,3,26-Jan-21,United States,Internet software & services,ICONIQ Capital
Circle,3,15-May-18,United States,Fintech,General Catalyst
Delhivery,3,27-Feb-19,India,"Supply chain, logistics, & delivery",Times Internet
FlixMobility,3,18-Jul-19,Germany,Auto & transportation,Holtzbrinck Ventures
Forter,3,19-Nov-20,United States,Cybersecurity,Sequoia Capital Israel
Hinge Health,3,06-Jan-21,United States,Health,Atomico
Netskope,3,13-Nov-18,United States,Cybersecurity,Lightspeed Venture Partners
Pine Labs,3,24-Jan-20,India,Fintech,MasterCard
Razorpay,3,11-Oct-20,India,Fintech,Y Combinator
SouChe Holdings,3,01-Nov-17,China,E-commerce & direct-to-consumer,Morningside Ventures
Talkdesk,3,03-Oct-18,United States,Internet software & services,DJF
Traveloka,3,01-Jan-17,Indonesia,Travel,Global Founders Capital
VANCL,3,14-Dec-10,China,E-commerce & direct-to-consumer,Ceyuan Ventures
Warby Parker,3,30-Apr-15,United States,E-commerce & direct-to-consumer,BoxGroup
Wildlife Studios,3,05-Dec-19,Brazil,Other,Benchmark
Xiaohongshu,3,31-Mar-16,China,E-commerce & direct-to-consumer,GGV Capital
Yixia,3,24-Nov-15,China,Mobile & telecommunications,Sequoia Capital China
Zuoyebang,3,18-Jul-18,China,Edtech,Sequoia Capital China
Kraken,2.92,25-Jun-19,United States,Fintech,Bnk To The Future
OpenAI,2.92,22-Jul-19,United States,Artificial intelligence,Khosla Ventures
Loft,2.9,03-Jan-20,Brazil,E-commerce & direct-to-consumer,Monashees+
Ovo,2.9,14-Mar-19,Indonesia,Fintech,Grab
Workrise,2.9,30-Sep-19,United States,Internet software & services,Founders Fund
Bird Rides,2.85,30-May-18,United States,Auto & transportation,Tusk Ventures
ContentSquare,2.8,25-May-21,France,Internet software & services,Highland Europe
DataRobot,2.8,29-Jul-19,United States,Artificial intelligence,New Enterprise Associates
Icertis,2.8,17-Jul-19,United States,Artificial intelligence,Eight Roads Ventures
Meicai,2.8,22-Jun-16,China,Mobile & telecommunications,Tiger Global Management
OakNorth,2.8,12-Oct-17,United Kingdom,Fintech,Clermont Group
Weee!,2.8,16-Mar-21,United States,"Supply chain, logistics, & delivery",Goodwater Capital
Graphcore,2.77,18-Dec-18,United Kingdom,Artificial intelligence,Dell Technologies Capital
Convoy,2.75,21-Sep-18,United States,"Supply chain, logistics, & delivery",Greylock Partners
MasterClass,2.75,13-May-21,United States,Edtech,Institutional Venture Partners
Transmit Security,2.74,22-Jun-21,Israel,Cybersecurity,General Atlantic
Tradeshift,2.7,30-May-18,United States,Fintech,Notion Capital
Airwallex,2.6,25-Mar-19,Australia,Fintech,DST Global
Dapper Labs,2.6,30-Mar-21,Canada,Fintech,Union Square Ventures
Xinchao Media,2.59,09-Apr-18,China,Internet software & services,JD.com
Acronis,2.5,18-Sep-19,Switzerland,Cybersecurity,Goldman Sachs
Aihuishou,2.5,12-Jul-18,China,E-commerce & direct-to-consumer,Morningside Ventures
BYTON,2.5,20-Apr-18,China,Auto & transportation,FAW Group
Cazoo,2.5,23-Jun-20,United Kingdom,E-commerce & direct-to-consumer,dmg ventures
Rapyd,2.5,03-Dec-19,United Kingdom,Fintech,Target Global
Vista Global,2.5,23-Aug-17,United Arab Emirates,Other,Rhone Capital
AvidXchange,2.42,08-Jun-17,United States,Fintech,Temasek Holdings
Cgtz,2.41,21-Feb-17,China,Fintech,Shunwei Capital Partners
Star Charge,2.41,19-May-21,China,Auto & transportation,Shunwei Capital Partners
Carbon,2.4,20-Aug-15,United States,Hardware,Google Ventures
Duolingo,2.4,04-Dec-19,United States,Edtech,capitalG
Exabeam,2.4,01-Jun-21,United States,Cybersecurity,Norwest Venture Partners
Paxos,2.4,29-Apr-21,United States,Fintech,Liberty City Ventures
PolicyBazaar,2.4,06-May-19,India,Fintech,Info Edge
Sportradar,2.4,09-Jul-18,Switzerland,Internet software & services,EQT Partners
Collibra,2.36,29-Jan-19,Belgium,Data management & analytics,Index Ventures
Bought By Many,2.35,01-Jun-21,United Kingdom,Fintech,Octopus Ventures
WEMAKEPRICE,2.34,09-Sep-15,South Korea,E-commerce & direct-to-consumer,IMM Investment
Bowery Farming,2.3,25-May-21,United States,Other,Temasek
Greenlight,2.3,24-Sep-20,United States,Fintech,Relay Ventures
Highspot,2.3,22-Feb-21,United States,Internet software & services,Madrona Venture Group
KeepTruckin,2.3,23-Apr-19,United States,"Supply chain, logistics, & delivery",Google Ventures
Skydance Media,2.3,11-Feb-20,United States,Other,RedBird Capital Partners
Uptake,2.3,27-Oct-15,United States,Artificial intelligence,Revolution
ReNew Power,2.28,14-Feb-17,India,Other,Goldman Sachs
HEYTEA,2.26,01-Jul-19,China,Other,Sequoia Capital China
Via,2.25,30-Mar-20,United States,Auto & transportation,83North
Zume,2.25,01-Nov-18,United States,Consumer & retail,Softbank Group
Attentive,2.2,23-Sep-20,United States,Mobile & telecommunications,NextView Ventures
Bitso,2.2,05-May-21,Mexico,Fintech,Pantera Capital
Checkr,2.2,19-Sep-19,United States,Internet software & services,Y Combinator
CRED,2.2,06-Apr-21,India,Fintech,Tiger Global Management
Current,2.2,27-Apr-21,United States,Fintech,Expa
MUSINSA,2.2,11-Nov-19,South Korea,E-commerce & direct-to-consumer,Sequoia Capital
NuCom Group,2.2,22-Feb-18,Germany,Other,General Atlantic
Planet Labs,2.2,13-Apr-15,United States,Other,Threshold Ventures
Huaqin Telecom Technology,2.19,08-Oct-19,China,Mobile & telecommunications,Zhangjiang Haocheng Venture Capital
Addepar,2.17,15-Jun-21,United States,Fintech,8VC
YITU Technology,2.17,08-Mar-18,China,Artificial intelligence,Sequoia Capital China
Cockroach Labs,2.16,12-Jan-21,United States,Data management & analytics,Google Ventures
6Sense,2.1,30-Mar-21,United States,Artificial intelligence,Venrock
C6 Bank,2.1,02-Dec-20,Brazil,Fintech,Credit Suisse
Eightfold.ai,2.1,27-Oct-20,United States,Internet software & services,Foundation Capital
FirstCry,2.1,07-Feb-20,India,E-commerce & direct-to-consumer,SoftBank Group
Meesho,2.1,05-Apr-21,India,Internet software & services,Venture Highway
Nextdoor,2.1,04-Mar-15,United States,Internet software & services,Benchmark Capital
ReCharge,2.1,06-May-21,United States,Fintech,ICONIQ Growth
ShareChat,2.1,08-Apr-21,India,Internet software & services,India Quotient
Urban Company,2.1,27-Apr-21,India,E-commerce & direct-to-consumer,VY Capital
Webflow,2.1,13-Jan-21,United States,Internet software & services,Accel
Mambu,2.08,06-Jan-21,Germany,Fintech,Runa Capital
ThoughtSpot,2.05,08-May-18,United States,Internet software & services,Lightspeed Venture Partners
4Paradigm,2,19-Dec-18,China,Artificial intelligence,Sequoia Capital China
AppsFlyer,2,21-Jan-20,United States,Mobile & telecommunications,Magma Venture Partners
Avant,2,17-Dec-12,United States,Artificial intelligence,RRE Ventures
Babylon Health,2,02-Aug-19,United Kingdom,Artificial intelligence,Kinnevik
Beisen,2,11-May-21,China,Internet software & services,Matrix Partners China
BlaBlaCar,2,16-Sep-15,France,Auto & transportation,Accel Partners
Bunq,2,18-Jun-21,Netherlands,Fintech,Undisclosed
Calm,2,06-Feb-19,United States,Consumer & retail,Insight Venture Partners
Chainalysis,2,23-Nov-20,United States,Fintech,Addition
Clearco,2,20-Apr-21,Canada,Fintech,Highland Capital Partners
Dingdong Maicai,2,12-May-20,China,E-commerce & direct-to-consumer,Gaorong Capital
Druva,2,20-Jun-19,United States,Data management & analytics,Nexus Venture Partners
Earnix,2,21-Feb-21,Israel,Fintech,Jerusalem Venture Partners
Ethos Technologies,2,11-May-21,United States,Fintech,Sequoia Capital
Figma,2,30-Apr-20,United States,Internet software & services,Index Ventures
Formlabs,2,01-Aug-18,United States,Hardware,Pitango Venture Capital
Hive,2,21-Apr-21,United States,Artificial intelligence,Tomales Bay Capital
HuiMin,2,05-Sep-16,China,E-commerce & direct-to-consumer,Zheshang Venture Capital
Improbable,2,11-May-17,United Kingdom,Other,Andreessen Horowitz
ISN,2,17-Dec-20,United States,"Supply chain, logistics, & delivery",Blackstone
Iterable,2,15-Jun-21,United States,Internet software & services,CRV
Kajabi,2,04-May-21,United States,Internet software & services,Meritech Capital Partners
Kaseya,2,27-Mar-19,United States,Cybersecurity,Insight Partners
Keep,2,19-May-20,China,Mobile & telecommunications,Bertelsmann Asia Investments
KRY,2,27-Apr-21,Sweden,Health,Index Ventures
Kuaikan Manhua,2,01-Dec-17,China,Internet software & services,Sequoia Capital China
Kujiale,2,25-Oct-19,China,Internet software & services,GGV Capital
LegalZoom,2,31-Jul-18,United States,Internet software & services,K1 Capital
Mafengwo,2,23-May-19,China,Travel,Qiming Venture Partners
NAYUKI,2,30-Dec-20,China,Other,PAG
Notion Labs,2,01-Apr-20,United States,Internet software & services,Index Ventures
Pipe,2,19-May-21,United States,Fintech,next47
Postman,2,11-Jun-20,United States,Internet software & services,Nexus Venture Partners
Preferred Networks,2,17-May-18,Japan,Artificial intelligence,Toyota Motor Corporation
Quanergy Systems,2,22-Aug-16,United States,Auto & transportation,Delphi Automotive
Quora,2,21-Apr-17,United States,Internet software & services,Y Combinator
Redis Labs,2,25-Aug-20,United States,Data management & analytics,Viola Ventures
Tipalti,2,06-Oct-20,United States,Fintech,01 Advisors
Trendy Group International,2,13-Feb-12,Hong Kong,Consumer & retail,L Capital Partners
Tubatu.com,2,09-Mar-15,China,E-commerce & direct-to-consumer,Sequoia Capital China
Unacademy,2,02-Sep-20,India,Edtech,Blume Ventures
Unqork,2,06-Oct-20,United States,Fintech,Blackrock
Virta Health,2,02-Dec-20,United States,Health,Caffeinated Capital
Xingyun B2B,2,24-Sep-20,China,E-commerce & direct-to-consumer,Matrix Partners China
Starling Bank,1.95,08-Mar-21,United Kingdom,Fintech,JTC Group
Aledade,1.9,19-Jan-21,United States,Health,Venrock
BillDesk,1.9,16-Nov-18,India,Fintech,Temasek Holdings
Digit Insurance,1.9,15-Jan-21,India,Fintech,Fairfax Financial Holdings
eDaili,1.9,01-Feb-19,China,E-commerce & direct-to-consumer,K2VC
InVision,1.9,01-Nov-17,United States,Internet software & services,FirstMark Capital
MX Technologies,1.9,13-Jan-21,United States,Fintech,Point72 Ventures
SpotOn,1.88,26-May-21,United States,Fintech,Dragoneer Investment Group
ENOVATE,1.85,15-Apr-19,China,Auto & transportation,Automobile Industry Guidance Fund
Automattic,1.8,27-May-13,United States,Internet software & services,Insight Venture Partners
Diamond Foundry,1.8,29-Mar-21,United States,Other,Fashion Tech Lab
ZocDoc,1.8,20-Aug-15,United States,Health,Founders Fund
AIWAYS,1.78,16-Apr-18,China,Auto & transportation,Jiangsu Sha Steel Group
Creditas,1.75,18-Dec-20,Brazil,Fintech,Kaszek Ventures
Farmers Business Network,1.75,03-Aug-20,United States,Other,Blackrock
GOAT,1.75,23-Sep-20,United States,E-commerce & direct-to-consumer,Upfront Ventures
Trulioo,1.75,07-Jun-21,Canada,Cybersecurity,Blumberg Capital
Apus Group,1.73,16-Jan-15,China,Mobile & telecommunications,Redpoint Ventures
BetterUp,1.73,25-Feb-21,United States,Internet software & services,Threshold Ventures
Allbirds,1.7,11-Oct-18,United States,E-commerce & direct-to-consumer,Lerer Hippeau Ventures
Buzzfeed,1.7,18-Aug-15,United States,Internet software & services,SV Angel
Carta,1.7,06-May-19,United States,Fintech,Menlo Ventures
CircleCI,1.7,11-May-21,United States,Internet software & services,Threshold Ventures
DispatchHealth,1.7,03-Mar-21,United States,Health,Alta Partners
Dutchie,1.7,16-Mar-21,United States,E-commerce & direct-to-consumer,Casa Verde Capital
GoStudent,1.7,22-Jun-21,Austria,Edtech,DN Capital
Harness,1.7,14-Jan-21,United States,Artificial intelligence,Menlo Ventures
Harry's Razor Company,1.7,16-Feb-18,United States,Consumer & retail,Thrive Capital
PAX,1.7,22-Oct-18,United States,Consumer & retail,Tao Capital Partners
Personio,1.7,19-Jan-21,Germany,Internet software & services,Global Founders Capital
Unite Us,1.7,17-Mar-21,United States,Health,Scout Ventures
VTEX,1.7,28-Sep-20,Brazil,E-commerce & direct-to-consumer,Riverwood Capital
Wiz,1.7,17-Mar-21,Israel,Cybersecurity,Insight Partners
Workato,1.7,12-Jan-21,United States,Internet software & services,Battery Ventures
Alan,1.68,19-Apr-21,France,Fintech,Index Ventures
wefox,1.65,05-Mar-19,Germany,Fintech,Salesforce Ventures
XANT,1.65,28-Apr-14,United States,Artificial intelligence,Microsoft Ventures
Trader Interactive,1.63,12-May-21,United States,Other,Carsales
Jusfoun Big Data,1.62,09-Jul-18,China,Data management & analytics,Boxin Capital
Monzo,1.61,31-Oct-18,United Kingdom,Fintech,Passion Capital
Zhubajie,1.61,16-Jun-15,China,Internet software & services,Cybernaut Growth Fund
Afiniti,1.6,14-Apr-17,Bermuda,Artificial intelligence,GAM Holding
ASAPP,1.6,19-May-21,United States,Artificial Intelligence,March Capital Partners
ASR Microelectronics,1.6,30-Apr-20,China,Hardware,Shenzhen Capital Group
CAOCAO,1.6,17-Jan-18,China,Auto & transportation,People Electrical Appliance Group China
Clari,1.6,03-Mar-21,United States,Internet software & services,Sequoia Capital
Clio,1.6,27-Apr-21,Canada,Internet software & services,OMERS Private Equity
Cognite,1.6,19-May-21,Norway,Data management & analytics,Technology Crossover Ventures
Extend,1.6,18-May-21,United States,Fintech,GreatPoint Ventures
Infinidat,1.6,29-Apr-15,United States,Hardware,TPG Growth
Ramp Financial,1.6,29-Mar-21,United States,Fintech,D1 Capital Partners
SafetyCulture,1.6,03-May-21,Australia,Internet software & services,Blackbird Ventures
Seismic,1.6,18-Dec-18,United States,Internet software & services,Jackson Square Ventures
Skims,1.6,09-Apr-21,United States,E-commerce & direct-to-consumer,Thrive Capital
SmartHR,1.6,08-Jun-21,Japan,Fintech,BEENEXT
sweetgreen,1.6,13-Nov-18,United States,Consumer & retail,Red Sea Ventures
Tonal,1.6,31-Mar-21,United States,E-commerce & direct-to-consumer,Mayfield Fund
Verkada,1.6,29-Jan-20,United States,Cybersecurity,next47
Promasidor Holdings,1.59,08-Nov-16,South Africa,Consumer & retail,IFC
Illumio,1.57,14-Apr-15,United States,Cybersecurity,Data Collective
Baiwang,1.55,25-Mar-19,China,Fintech,Guozhong Venture Capital Management
Loom,1.53,20-May-21,United States,Internet software & services,Kleiner Perkins Caufield & Byers
Ximalaya FM,1.52,22-Sep-17,China,Mobile & telecommunications,China Creation Ventures
Cambridge Mobile Telematics,1.5,19-Dec-18,United States,Mobile & telecommunications,SoftBank Group
Changingedu,1.5,30-Oct-17,China,Edtech,Trustbridge Partners
Chipper Cash,1.5,25-May-21,United States,Fintech,Deciens Capital
Collective Health,1.5,17-Jun-19,United States,Fintech,New Enterprise Associates
Color,1.5,04-Jan-21,United States,Health,General Catalyst
Cybereason,1.5,21-Jun-17,United States,Cybersecurity,SoftBank Group
DT Dream,1.5,08-Jun-17,China,Data management & analytics,Alibaba Group
Enfusion,1.5,11-Jan-21,United States,Fintech,FTV Capital
Gett,1.5,24-May-16,Israel,Auto & transportation,Volkswagen
Handshake,1.5,12-May-21,United States,Internet software & services,Kleiner Perkins Caufield & Byers
Hippo Insurance,1.5,24-Jul-19,United States,Fintech,Propel Venture Partners
ID.me,1.5,19-Mar-21,United States,Cybersecurity,Moonshots Capital
ironSource,1.5,11-Aug-14,Israel,Mobile & telecommunications,Access Industries
JOLLY Information Technology,1.5,29-May-18,China,E-commerce & direct-to-consumer,Legend Capital
K Health,1.5,19-Jan-21,United States,Health,Max Ventures
Ledger,1.5,10-Jun-21,France,Hardware,Digital Currency Group
Lenskart,1.5,20-Dec-19,India,E-commerce & direct-to-consumer,Chiratae Ventures
Mirakl,1.5,22-Sep-20,France,E-commerce & direct-to-consumer,Elaia Partners
Mofang Living,1.5,13-Apr-16,China,E-commerce & direct-to-consumer,Warburg Pincus
Mu Sigma,1.5,07-Feb-13,United States,Data management & analytics,Sequoia Capital
Next Silicon,1.5,14-Jun-21,Israel,Hardware,Amiti Ventures
Olive,1.5,01-Dec-20,United States,Internet software & services,Drive Capital
Podium,1.5,07-Apr-20,United States,Internet software & services,Accel
Remitly,1.5,10-Jul-19,United States,Fintech,DN Capital
Snapdocs,1.5,25-May-21,United States,Fintech,Sequoia Capital
Strava,1.5,16-Nov-20,United States,Internet software & services,Jackson Square Ventures
TuJia,1.5,17-Jun-15,China,Travel,GGV Capital
Uplight,1.5,03-Mar-21,United States,Other,Rubicon Technology Partners
XiaoZhu,1.5,01-Nov-17,China,Travel,Morningside Ventures
Yijiupi,1.5,20-Sep-18,China,Consumer & retail,Source Code Capital
Zenoti,1.5,15-Dec-20,United States,Internet software & services,Norwest Venture Partners
ECARX,1.49,26-Oct-20,China,Auto & transportation,Geely
Yipin Shengxian,1.49,11-Mar-19,China,E-commerce & direct-to-consumer,Eastern Bell Capital
Bordrin Motors,1.48,03-Jun-19,China,Auto & transportation,China Grand Prosperity Investment
Brii BioSciences,1.45,23-Mar-21,United States,Health,Sequoia Capital China
Coocaa,1.45,16-Mar-18,China,Hardware,Baidu
Gymshark,1.45,14-Aug-20,United Kingdom,E-commerce & direct-to-consumer,General Atlantic
Juma Peisong,1.45,26-Nov-18,China,"Supply chain, logistics, & delivery",Ding Xiang Capital
Ouyeel,1.45,27-Jun-19,China,Internet software & services,Taigang Venture Capital
Zeta,1.45,24-May-21,United States,Fintech,Sodexo Ventures
Judo Bank,1.43,23-Dec-20,Australia,Fintech,Ironbridge Capital
Justworks,1.43,28-Jan-20,United States,Internet software & services,Index Ventures
Astranis Space Technologies,1.4,14-Apr-21,United States,Mobile & telecommunications,Refactor Capital
Away,1.4,15-May-19,United States,E-commerce & direct-to-consumer,Global Founders Capital
Cabify,1.4,22-Jan-18,Spain,Auto & transportation,Seaya Ventures
ChargeBee Technologies,1.4,20-Apr-21,United States,Fintech,Insight Partners
Deezer,1.4,02-Aug-18,France,Internet software & services,Orange Digital Ventures
Degreed,1.4,13-Apr-21,United States,Edtech,Signal Peak Ventures
Epidemic Sound,1.4,11-Mar-21,Sweden,Internet software & services,EQT Partners
Five Star Business Finance,1.4,26-Mar-21,India,Other,New Enterprise Associates
GupShup,1.4,08-Apr-21,United States,Internet software & services,Helion Venture Partners
Hive Box,1.4,23-Jan-18,China,"Supply chain, logistics, & delivery",Eastern Bell Capital
Kong,1.4,31-Dec-20,United States,Internet software & services,New Enterprise Associates
Koudai,1.4,23-Oct-14,China,E-commerce & direct-to-consumer,Norwest Venture Partners
OwnBackup,1.4,28-Jan-21,United States,Data management & analytics,Insight Partners
Phenom People,1.4,07-Apr-21,United States,Internet software & services,Sierra Ventures
Scalable Capital,1.4,08-Jun-21,Germany,Fintech,BlackRock
Symphony,1.4,16-May-17,United States,Fintech,BNP Paribas
Voodoo,1.4,17-Aug-20,France,Other,Tencent Holdings
Yidian Zixun,1.4,17-Oct-17,China,Mobile & telecommunications,Phoenix New Media
Yotpo,1.4,18-Mar-21,United States,Internet software & services,Bessemer Venture Partners
Veepee,1.38,20-Jul-07,France,E-commerce & direct-to-consumer,Summit Partners
DeepBlue Technology,1.35,16-Apr-18,China,Artificial intelligence,DESUN Capital
Klook,1.35,07-Aug-18,Hong Kong,Travel,Sequoia Capital China
Plume,1.35,23-Feb-21,United States,Internet software & services,Insight Partners
Rippling,1.35,04-Aug-20,United States,Internet software & services,Initialized Capital
Yaoshibang,1.35,15-Jun-21,China,Health,Green Pine Capital Partners
Melio,1.34,25-Jan-21,Israel,Fintech,Accel
Signifyd,1.34,15-Apr-21,United States,Fintech,Menlo Ventures
Flipboard,1.32,22-Jul-15,United States,Internet software & services,Kleiner Perkins Caufield & Byers
GPclub,1.32,22-Oct-18,South Korea,Other,Goldman Sachs
Grove Collaborative,1.32,17-Jan-18,United States,E-commerce & direct-to-consumer,MHS Capital
Tongdun Technology,1.32,25-Apr-19,China,Cybersecurity,Advantech Capital
Alzheon,1.31,30-Sep-20,United States,Health,ARCH Venture Partners
ABL Space Systems,1.3,25-Mar-21,United States,Other,T. Rowe Price
Arctic Wolf Networks,1.3,22-Oct-20,United States,Cybersecurity,Lightspeed Venture Partners
Coalition,1.3,16-Mar-21,United States,Cybersecurity,Ribbit Capital
Everly Health,1.3,03-Dec-20,United States,E-commerce & direct-to-consumer,Highland Capital Partners
HeartFlow,1.3,04-Dec-17,United States,Health,BlueCross BlueShield Venture Partners
Innovaccer,1.3,19-Feb-21,United States,Health,M12
InSightec,1.3,06-Mar-20,Israel,Health,York Capital Management
Manner,1.3,24-Dec-20,China,Other,Coatue Management
Outschool,1.3,14-Apr-21,United States,Edtech,Uniion Square Ventures
Rocket Lab,1.3,21-Mar-17,United States,Other,Lockheed Martin
Socure,1.3,16-Mar-21,United States,Cybersecurity,Two Sigma Ventures
Sonder,1.3,11-Jul-19,United States,Travel,Structure Capital
Trax,1.3,22-Jul-19,Singapore,Artificial intelligence,Hopu Investment Management
You & Mr Jones,1.3,19-Nov-19,United States,Other,Undisclosed
Starry,1.29,03-Jul-18,United States,Mobile & telecommunications,Social Capital
Intercom,1.28,27-Mar-18,United States,Internet software & services,FirstMark Capital
OVO Energy,1.28,14-Feb-19,United Kingdom,Other,Mitsubishi Corporation
WTOIP,1.27,08-Apr-18,China,Internet software & services,Dark Horse Technology Group
Applied Intuition,1.25,22-Oct-20,United States,Data management & analytics,Andreessen Horowitz
BigID,1.25,16-Dec-20,United States,Cybersecurity,BOLDstart Ventures
Deel,1.25,21-Apr-21,United States,Fintech,Andreessen Horowitz
ezCater,1.25,02-Apr-19,United States,"Supply chain, logistics, & delivery",Insight Venture Partners
Rec Room,1.25,23-Mar-21,United States,Internet software & services,First Round Capital
BrewDog,1.24,10-Apr-17,United Kingdom,Consumer & retail,TSG Consumer Partners
Enflame,1.24,05-Jan-21,China,Hardware,Tencent Holdings
EQRx,1.23,11-Jan-21,United States,Health,Nextech Invest
GalaxySpace,1.22,17-Nov-20,China,Mobile & telecommunications,Shunwei Capital Partners
Ada Support,1.2,07-May-21,Canada,Artificial intelligence,Version One Ventures
Alation,1.2,03-Jun-21,United States,Internet software & services,Costanoa Ventures
Axonius,1.2,01-Mar-21,United States,Cybersecurity,Vertex Ventures Israel
Bitpanda,1.2,16-Mar-21,Austria,Fintech,Speedinvest
Cava Group,1.2,27-Apr-21,United States,Other,SWaN & Legend Ventures
Dialpad,1.2,06-Oct-20,United States,Internet software & services,Andreessen Horowitz
Fair,1.2,20-Dec-18,United States,Auto & transportation,CreditEase Fintech Investment Fund
FiveTran,1.2,30-Jun-20,United States,Data management & analytics<,Matrix Partners
Forto,1.2,21-Jun-21,Germany,"Supply chain, logistics, & delivery",Cherry Ventures
Glossier,1.2,19-Mar-19,United States,Consumer & retail,Forerunner Ventures
Inari,1.2,12-May-21,United States,Other,Flagship Pioneering
Nykaa,1.2,01-Apr-20,India,E-commerce & direct-to-consumer,TVS Capital
Orca Security,1.2,23-Mar-21,Israel,Cybersecurity,Redpoint Ventures
Paidy,1.2,30-Mar-21,Japan,Fintech,ITOCHU Corporation
Pilot.com,1.2,26-Mar-21,United States,Fintech,Index Ventures
Project44,1.2,01-Jun-21,United States,"Supply chain, logistics, & delivery",Emergence Capital Partners
Public,1.2,17-Feb-21,United States,Fintech,Accel
Qumulo,1.2,16-Jul-20,United States,Data management & analytics,Madrona Venture Group
Savage X Fenty,1.2,16-Mar-21,United States,E-commerce & direct-to-consumer,L Catterton
SmartNews,1.2,05-Aug-19,Japan,Mobile & telecommunications,Japan Post Capital
Starburst,1.2,06-Jan-21,United States,Data management & analytics,Index Ventures
Tealium,1.2,03-Feb-21,United States,Internet software & services,Georgian Partners
Vectra Networks,1.2,29-Apr-21,United States,Artificial intelligence,IA Ventures
Whoop,1.2,28-Oct-20,United States,E-commerce & direct-to-consumer,NextView Ventures
Workhuman,1.2,23-Jun-20,Ireland,Internet software & services,ICG
Yiguo,1.2,09-Nov-16,China,"Supply chain, logistics, & delivery",Alibaba Group
Zipline,1.2,20-May-19,United States,"Supply chain, logistics, & delivery",Sequoia Capital
L&P Cosmetic,1.19,01-Jan-16,South Korea,Consumer & retail,CDIB Capital
Mininglamp Technology,1.19,27-Mar-19,China,Artificial intelligence,Russia-China Investment Fund
Sysdig,1.19,28-Apr-21,United States,Cybersecurity,Accel
Unisound,1.19,19-Jul-18,China,Artificial intelligence,Qiming Venture Partners
Luoji Siwei,1.18,20-Jul-17,China,Edtech,Sequoia Capital China
Cerebras Systems,1.17,14-Nov-18,United States,Hardware,Benchmark
IRL,1.17,15-Jun-21,United States,Internet software & services,Goodwater Capital
Modern Health,1.17,11-Feb-21,United States,Health,Kleiner Perkins Caufield & Byers
Yimidida,1.17,14-Jan-19,China,"Supply chain, logistics, & delivery",Source Code Capital
Tuhu,1.16,15-Sep-18,China,Auto & transportation,Qiming Venture Partners
Guideline,1.15,16-Jun-21,United States,Fintech,Pelion Venture Partners
LifeMiles,1.15,13-Jul-15,Colombia,Other,Advent International
Venafi,1.15,10-Dec-20,United States,Cybersecurity,Pelion Venture Partners
Doctolib,1.14,19-Mar-19,France,Health,BPI France
Deposit Solutions,1.13,18-Sep-19,Germany,Fintech,e.ventures
TELD,1.12,16-Dec-19,China,Fintech,China Reform Fund
Amber Group,1.1,21-Jun-21,Hong Kong,Fintech,Tiger Global Management
AppDirect,1.1,07-Oct-15,United States,E-commerce & direct-to-consumer,Mithril
Course Hero,1.1,12-Feb-20,United States,Edtech,NewView Capital
Coveo,1.1,06-Nov-19,Canada,Artificial intelligence,Fonds de Solidarite FTQ
Eat Just,1.1,30-Nov-17,United States,Consumer & retail,Khosla Ventures
G2,1.1,22-Jun-21,United States,Internet software & services,Pritzker Group Venture Capital
GetYourGuide,1.1,16-May-19,Germany,Travel,Spark Capital
Ginger,1.1,24-Mar-21,United States,Health,Kaiser Permanente Ventures
Hailo,1.1,23-Jun-21,Israel,Artificial intelligence,Glory Ventures
Ivalua,1.1,21-May-19,United States,Fintech,Ardian
Juanpi,1.1,14-Apr-16,China,E-commerce & direct-to-consumer,Tiantu Capital
Misfits Market,1.1,21-Apr-21,United States,E-commerce & direct-to-consumer,Accel
Nexthink,1.1,08-Feb-21,Switzerland,Data management & analytics,Auriga
OVH,1.1,15-Aug-16,France,Other,KKR
Pharmapacks,1.1,12-Nov-20,United States,E-commerce & direct-to-consumer,The Carlyle Group
Rightway,1.1,30-Mar-21,United States,Health,Thrive Capital
SalesLoft,1.1,06-Jan-21,United States,Internet software & services,Caffeinated Capital
Sema4,1.1,29-Jul-20,United States,Health,Blackrock
Sennder,1.1,14-Jan-21,Germany,"Supply chain, logistics, & delivery",Accelm Scania Growth Capital
Sisense,1.1,09-Jan-20,United States,Data management & analytics,Opus Capital
Sunbit,1.1,20-May-21,United States,Fintech,Zeev Ventures
TangoMe,1.1,20-Mar-14,United States,Mobile & telecommunications,Draper Fisher Jurtson
Zego,1.1,09-Mar-21,United Kingdom,Fintech,LocalGlobe
Biren Technology,1.09,18-Aug-20,China,Hardware,V FUND
Nxin,1.08,18-Sep-18,China,Internet software & services,Beijing Juneng Hesheng Industry Investment Fund
Radius Payment Solutions,1.07,27-Nov-17,United Kingdom,Fintech,Inflexion Private Equity
Rivigo,1.07,11-Jul-19,India,"Supply chain, logistics, & delivery",SAIF Partners India
Rubicon Global,1.07,25-Aug-17,United States,Other,Goldman Sachs
Dataiku,1.06,04-Dec-19,United States,Internet software & services,Alven Capital
Hesai Tech,1.05,01-Aug-20,China,Artificial intelligence,Lightspeed China Partners
Instabase,1.05,21-Oct-19,United States,Data management & analytics,New Enterprise Associates
Jiuxian,1.05,30-Jul-15,China,E-commerce & direct-to-consumer,Sequoia Capital China
Proterra,1.05,15-Oct-20,United States,"Supply chain, logistics, & delivery",GM Ventures
Sendbird,1.05,06-Apr-21,United States,Mobile & telecommunications,FundersClub
Aprogen,1.04,31-May-19,South Korea,Health,Lindeman Asia Investment
OrCam Technologies,1.03,20-Feb-18,Israel,Artificial intelligence,Intel Capital
Leap Motor,1.01,20-Nov-18,China,Auto & transportation,Sequoia Capital China
58 Daojia,1,12-Oct-15,China,Internet software & services,KKR
Age of Learning,1,03-May-16,United States,Edtech,Iconiq Capital
AInnovation,1,16-Dec-20,China,Artificial intelligence,CICC ALPHA
Aircall,1,23-Jun-21,United States,Internet software & services,Balderton Capital
Alto Pharmacy,1,30-Jan-20,United States,Health,Jackson Square Ventures
Amount,1,17-May-21,United States,Fintech,Invus Group
Apeel Sciences,1,26-May-20,United States,Other,Upfront Ventures
Aqua Security,1,10-Mar-21,Israel,Cybersecurity,TLV Partners
Aura,1,09-Jun-21,United States,Cybersecurity,Warburg Pincus
Axiom Space,1,16-Feb-21,United States,Other,C5 Capital
Axtria,1,13-May-21,United States,Data management & analytics,Helion Venture Partners
Banma Network Technologies,1,13-Sep-18,China,Auto & transportation,Yunfeng Capital
BeiBei,1,22-Jan-15,China,E-commerce & direct-to-consumer,Banyan Capital
BenevolentAI,1,02-Jun-15,United Kingdom,Artificial intelligence,Woodford Investment Management
BitFury,1,06-Nov-18,Netherlands,Hardware,Georgian Co-Investment Fund
Boom Supersonic,1,16-Dec-20,United States,Other,WRVI Capital
Branch,1,10-Sep-18,United States,Mobile & telecommunications,New Enterprise Associates
Bright HealthCare,1,17-Dec-19,United States,Health,Bessemer Venture Partners
Bringg,1,16-Jun-21,Israel,"Supply chain, logistics, & delivery",Salesforce Ventures
C2FO,1,07-Aug-19,United States,Fintech,Union Square Ventures
Cameo,1,30-Mar-21,United States,Internet software & services,Lightspeed Venture Partners
Capsule,1,28-Apr-21,United States,Health,Thrive Capital
Carro,1,14-Jun-21,Singapore,E-commerce & direct-to-consumer,SingTel Innov8
Cars24,1,24-Nov-20,India,E-commerce & direct-to-consumer,Moore Strategic Ventures
Cato Networks,1,17-Nov-20,Israel,Cybersecurity,Aspect Ventures
Cell C,1,07-Aug-17,South Africa,Mobile & telecommunications,Blue Label Telecoms
Chezhubang,1,10-Jul-20,China,E-commerce & direct-to-consumer,JOY Capital
China Cloud,1,11-Jun-18,China,Hardware,V Star Capital
Cityblock Health,1,10-Dec-20,United States,Health,Thrive Capital
Claroty,1,17-Jun-21,United States,Cybersecurity,Bessemer Venture Partners
ClassPass,1,08-Jan-20,United States,Internet software & services,General Catalyst
Clearcover,1,13-Apr-21,United States,Fintech,American Family Ventures
ClickUp,1,15-Dec-20,United States,Internet software & services,Georgian Partners
CMR Surgical,1,17-Sep-19,United Kingdom,Health,Cambridge Innovation Capital
DailyHunt,1,22-Dec-20,India,Internet software & services,Falcon Edge Capital
Dave,1,30-Sep-19,United States,Fintech,Section 32
DianRong,1,02-Aug-17,China,E-commerce & direct-to-consumer,Standard Chartered
Dremio,1,06-Jan-21,United States,Data management & analytics,Lightspeed Venture Partners
DriveNets,1,27-Jan-21,Israel,Internet software & services,Bessemer Venture Partners
Dxy.cn,1,10-Apr-18,China,Health,Tencent Holdings
EBANX,1,16-Oct-19,Brazil,Fintech,FTV Capital
EcoFlow,1,10-Jun-21,China,Hardware,Delian Capital
Emerging Markets Property Group,1,28-Apr-20,United Arab Emirates,Other,OLX Group
Evidation Health,1,22-Mar-21,United States,Health,B Capital Group
Feedzai,1,24-Mar-21,United States,Artificial intelligence,Global Founders Capital
Fetch Rewards,1,31-Mar-21,United States,E-commerce & direct-to-consumer,Greycroft
Firefly Aerospace,1,04-May-21,United States,Other,XBTO Ventures
Fiture,1,14-Apr-21,China,Health,Bertelsmann Asia Investments
Flash Express,1,01-Feb-21,Thailand,"Supply chain, logistics, & delivery",SCB 10X
FlashEx,1,27-Aug-18,China,"Supply chain, logistics, & delivery",Prometheus Capital
Flutterwave,1,09-Mar-21,United States,Fintech,Green Visor Capital
Forte Labs,1,12-May-21,United States,Fintech,Iris Capital
FXiaoKe,1,02-Jul-15,China,Mobile & telecommunications,IDG Capital
Geek+,1,21-Nov-18,China,Hardware,Volcanics Ventures
Globality,1,22-Jan-19,United States,Artificial intelligence,SoftBank Group
Glovo,1,19-Dec-19,Spain,"Supply chain, logistics, & delivery",IDInvest Partners
Gorillas,1,25-Mar-21,Germany,E-commerce & direct-to-consumer,Coatue Management
Gousto,1,03-Nov-20,United Kingdom,"Supply chain, logistics, & delivery",MMC Ventures
Grammarly,1,10-Oct-19,United States,Internet software & services,General Catalyst
Groq,1,14-Apr-21,United States,Artificial intelligence,TDK Ventures
Groww,1,07-Apr-21,India,Fintech,Tiger Global Management
Gympass,1,12-Jun-19,United States,Internet software & services,General Atlantic
HMD Global,1,21-May-18,Finland,Mobile & telecommunications,Ginko Ventures
HoneyBook,1,04-May-21,United States,Internet software & services,Norwest Venture Partners
Hopper,1,24-Mar-21,Canada,Travel,Capital One Growth Ventures
Hosjoy,1,18-Oct-18,China,E-commerce & direct-to-consumer,U.S.-China Green Fund
Huike Group,1,24-May-18,China,Edtech,Fosun RZ Capital
HuJiang,1,29-Oct-15,China,Edtech,China Minsheng Investment
Hyperchain,1,11-Apr-21,China,Fintech,Yinhong Equity Investment Fund
Ibotta,1,06-Aug-19,United States,Fintech,Koch Disruptive Technologies
iCarbonX,1,12-Apr-16,China,Artificial intelligence,Tencent
iFood,1,13-Nov-18,Brazil,"Supply chain, logistics, & delivery",Movile
Infobip,1,30-Jul-20,Croatia,Mobile & telecommunications,One Equity Partners
Infra.Market,1,25-Feb-21,India,E-commerce & direct-to-consumer,Accel
Injective Protocol,1,20-Apr-21,United States,Fintech,Pantera Capital
InMobi,1,02-Dec-14,India,Mobile & telecommunications,Kleiner Perkins Caufield & Byers
Innovium,1,21-Jul-20,United States,Hardware,WRVI Capital
Intellifusion,1,22-Mar-19,China,Artificial intelligence,BOC International
iTutorGroup,1,18-Nov-15,China,Edtech,QiMing Venture Partners
JimuBox,1,21-Apr-15,China,Fintech,Matrix Partners China
JoyTunes,1,21-Jun-21,Israel,Edtech,Genesis Partners
Kendra Scott,1,21-Dec-16,United States,Consumer & retail,Berkshire Partners
KK Group,1,23-Oct-19,China,E-commerce & direct-to-consumer,Matrix Partners China
KKW Beauty,1,29-Jun-20,United States,E-commerce & direct-to-consumer,Coty
KnowBox,1,30-May-19,China,Edtech,TAL Education Group
Kuaigou Dache,1,13-Jul-18,China,"Supply chain, logistics, & delivery",Sequoia Capital China
Lacework,1,07-Jan-21,United States,Cybersecurity,Sutter Hill Ventures
Lamabang,1,06-Mar-15,China,E-commerce & direct-to-consumer,5Y Capital
Lattice,1,23-Mar-21,United States,Internet software & services,Khosla Ventures
LetsGetChecked,1,07-Jun-21,Ireland,Health,Optum Ventures
Lightricks,1,31-Jul-19,Israel,Artificial intelligence,Viola Ventures
Lilium Aviation,1,09-Jun-20,Germany,Other,Freigeist Capital
LinkDoc Technology,1,05-Jul-18,China,Health,China Investment Corporation
LinkSure Network,1,01-Jan-15,China,Mobile & telecommunications,N/A
Liquid,1,03-Apr-19,Japan,Fintech,JAFCO Co
Locus Robotics,1,17-Feb-21,United States,Hardware,Scale Venture Partners
Loggi,1,05-Jun-19,Brazil,"Supply chain, logistics, & delivery",Qualcomm Ventures
Lookout,1,10-Oct-13,United States,Cybersecurity,Accel Partners
MadeiraMadeira,1,07-Jan-21,Brazil,E-commerce & direct-to-consumer,Flybridge Capital Partners
Maimai,1,15-Nov-17,China,Mobile & telecommunications,Morningside Venture Capital
MediaMath,1,10-Jul-18,United States,Internet software & services,Silicon Valley Bank
Medlinker,1,31-Jul-18,China,Health,China Health Industry Investment Fund
Meero,1,18-Jun-19,France,Artificial intelligence,Aglae Ventures
Mia.com,1,08-Sep-15,China,E-commerce & direct-to-consumer,Sequoia Capital China
Miaoshou Doctor,1,27-Jun-19,China,E-commerce & direct-to-consumer,Sequoia Capital China
MindMaze,1,28-Jan-16,Switzerland,Health,Hinduja Group
Mobvoi,1,06-Apr-17,China,Consumer & retail,Sequoia Capital China
Modernizing Medicine,1,10-May-17,United States,Health,Warburg Pincus
Moglix,1,17-May-21,Singapore,E-commerce & direct-to-consumer,Jungle Ventures
MOLOCO,1,29-Apr-21,United States,Artificial intelligence,Smilegate Investment
Momenta,1,17-Oct-18,China,Artificial intelligence,Sinovation Ventures
Movile,1,12-Jul-18,Brazil,Mobile & telecommunications,Innova Capital - FIP
Mux,1,30-Apr-21,United States,Internet software & services,Accel
Newsela,1,25-Feb-21,United States,Internet software & services,Owl Ventures
Numbrs,1,22-Aug-19,Switzerland,Fintech,Investment Corporation of Dubai
o9 Solutions,1,28-Apr-20,United States,Artificial intelligence,KKR
OCSiAl,1,04-Mar-19,Luxembourg,Other,A&NN
Ola Electric Mobility,1,02-Jul-19,India,Auto & transportation,SoftBank Group
Omio,1,23-Oct-18,Germany,Travel,Lakestar
Orbbec Technology,1,21-May-18,China,Hardware,R-Z Capital
Orca Bio,1,17-Jun-20,United States,Health,Lightspeed Venture Partners
Pacaso,1,24-Mar-21,United States,Fintech,Global Founders Capital
Papaya Global,1,04-Mar-21,United States,Internet software & services,Bessemer Venture Partners
Pat McGrath Labs,1,16-Jul-18,United States,Consumer & retail,One Luxury Group
PatSnap,1,16-Mar-21,Singapore,Internet software & services,Sequoia Capital China
Payoneer,1,05-Dec-17,United States,Fintech,Susquehanna Growth Equity
Pendo,1,17-Oct-19,United States,Internet software & services,Contour Venture Partners
Playco,1,21-Sep-20,Japan,Other,Sozo Ventures
Poizon,1,29-Apr-19,China,Mobile & telecommunications,DST Global
PPRO,1,19-Jan-21,United Kingdom,Fintech,Wellington Management
Printful,1,24-May-21,United States,Other,Bregal Sagemount
Qualia,1,21-Dec-20,United States,Fintech,8VC
Quantum Metric,1,07-Jan-21,United States,Data management & analytics,Insight Partners
Quizlet,1,13-May-20,United States,Edtech,Union Square Ventures
Rani Therapeutics,1,08-Feb-18,United States,Health,Google Ventures
Red Ventures,1,07-Jan-15,United States,Other,Silver Lake Partners
REEF Technology,1,10-Dec-18,United States,"Supply chain, logistics, & delivery",Target Global
Revolution Precrafted,1,23-Oct-17,Philippines,Other,K2 Global
Riskified,1,05-Nov-19,United States,Cybersecurity,Entree Capital
SaltPay,1,23-Apr-21,United Kingdom,Fintech,Tiger Global Management
Sentry,1,18-Feb-21,United States,Other,New Enterprise Associates
Shift Technology,1,06-May-21,France,Artificial intelligence,Griffin Gaming Partners
Shippo,1,02-Jun-21,United States,"Supply chain, logistics, & delivery",Version One Ventures
Side,1,22-Mar-21,United States,Internet software & services,Coatue Managemeny
Sidecar Health,1,26-Jan-21,United States,Fintech,GreatPoint Ventures
Sift,1,22-Apr-21,United States,Artificial intelligence,Union Square Ventures
SITECH DEV,1,16-May-19,China,Other,China Prosperity Capital
Skydio,1,25-Feb-21,United States,"Supply chain, logistics, & delivery",Andreessen Horowitz
SMS Assist,1,07-Jun-16,United States,Internet software & services,Goldman Sachs
Snapdeal,1,21-May-14,India,E-commerce & direct-to-consumer,SoftBankGroup
Socar,1,16-Oct-20,South Korea,Auto & transportation,Bain Capital
SoundHound,1,03-May-18,United States,Artificial intelligence,Tencent Holdings
Splashtop,1,27-Jan-21,United States,Internet software & services,Storm Ventures
Standard Cognition,1,17-Feb-21,United States,Artificial intelligence,CRV
TechStyle Fashion Group,1,29-Aug-14,United States,E-commerce & direct-to-consumer,Matrix Partners
Tekion,1,21-Oct-20,United States,Internet software & services,Airbus Ventures
TensTorrent,1,05-May-21,Canada,Artificial intelligence,Eclipse Ventures
TERMINUS Technology,1,25-Oct-18,China,Hardware,China Everbright Limited
The Zebra,1,12-Apr-21,United States,E-commerce & direct-to-consumer,Silverton Partners
Thirty Madison,1,02-Jun-21,United States,Health,Northzone Ventures
Tractable,1,16-Jun-21,United Kingdom,Artificial intelligence,Insight Partners
Tresata,1,10-Oct-18,United States,Fintech,GCP Capital Partners
Trumid,1,15-Jul-20,United States,Fintech,T. Rowe Price
Upgrade,1,12-Feb-18,United States,Fintech,Union Square Ventures
Vacasa,1,29-Oct-19,United States,Travel,Level Equity
VerbIT,1,08-Jun-21,Israel,Artificial intelligence,ClalTech
Vestiaire Collective,1,01-Mar-21,France,E-commerce & direct-to-consumer,Eurazeo
VillageMD,1,08-Jul-20,United States,Health,Kinnevik
Vise,1,18-May-21,United States,Fintech,Sequoia Capital
Vox Media,1,12-Aug-15,United States,Internet software & services,Accel Partners
VTS,1,07-May-19,United States,Internet software & services,Trinity Ventures
Wacai,1,18-Jul-18,China,Mobile & telecommunications,Qiming Venture Partners
WeBull,1,18-Feb-21,China,Fintech,Bojiang Capital
WeLab,1,08-Nov-17,Hong Kong,Fintech,Sequoia Capital China
Womai,1,12-Oct-15,China,E-commerce & direct-to-consumer,SAIF Partners China
XForcePlus,1,01-May-21,China,Internet software & services,Eastern Bell Capital
Yanolja,1,10-Jun-19,South Korea,Travel,SBI Investment Korea
YH Global,1,21-Sep-17,China,"Supply chain, logistics, & delivery",Co-Energy Finance
Ynsect,1,21-Feb-19,France,Other,Astanor Ventures
Yunxuetang,1,29-Mar-21,China,Edtech,Matrix Partners China
Zhaogang,1,29-Jun-17,China,E-commerce & direct-to-consumer,K2 Ventures
Zhuan Zhuan,1,18-Apr-17,China,E-commerce & direct-to-consumer,58.com
Zwift,1,16-Sep-20,United States,E-commerce & direct-to-consumer,Novator Partners
